{
  "finetuned_test": {
    "accuracy": 0.7603960396039604,
    "precision_micro": 0.8439201451905626,
    "precision_macro": 0.8030972056762775,
    "recall_micro": 0.9117647058823529,
    "recall_macro": 0.8777784172863335,
    "f1_micro": 0.8765315739868049,
    "f1_macro": 0.8375154461812903,
    "per_label_f1": {
      "anger_irritability": 0.9710144927536232,
      "avoidance": 0.8311688311688312,
      "emotional_numbing": 0.6741573033707865,
      "functional_impairment": 0.704225352112676,
      "guilt_shame": 0.75,
      "hypervigilance": 0.9509803921568627,
      "intrusive_memories": 0.8275862068965517,
      "sleep_disturbance": 0.990990990990991
    },
    "per_label_precision": {
      "anger_irritability": 0.9710144927536232,
      "avoidance": 0.7804878048780488,
      "emotional_numbing": 0.6122448979591837,
      "functional_impairment": 0.6578947368421053,
      "guilt_shame": 0.6792452830188679,
      "hypervigilance": 0.941747572815534,
      "intrusive_memories": 0.8,
      "sleep_disturbance": 0.9821428571428571
    },
    "per_label_recall": {
      "anger_irritability": 0.9710144927536232,
      "avoidance": 0.8888888888888888,
      "emotional_numbing": 0.75,
      "functional_impairment": 0.7575757575757576,
      "guilt_shame": 0.8372093023255814,
      "hypervigilance": 0.9603960396039604,
      "intrusive_memories": 0.8571428571428571,
      "sleep_disturbance": 1.0
    }
  },
  "gpt4o_mini_test": {
    "accuracy": 0.4594059405940594,
    "f1_micro": 0.6995645863570392,
    "f1_macro": 0.6881613863815055,
    "precision_micro": 0.5552995391705069,
    "recall_micro": 0.9450980392156862,
    "per_label_f1": {
      "anger_irritability": 0.5643153526970954,
      "avoidance": 0.7674418604651163,
      "emotional_numbing": 0.5970149253731343,
      "functional_impairment": 0.39751552795031053,
      "guilt_shame": 0.6506024096385542,
      "hypervigilance": 0.8699551569506726,
      "intrusive_memories": 0.8155339805825242,
      "sleep_disturbance": 0.842911877394636
    }
  },
  "alephbert_test": {
    "accuracy": 0.897029702970297,
    "precision_micro": 0.9595959595959596,
    "precision_macro": 0.9442287774197806,
    "recall_micro": 0.9313725490196079,
    "recall_macro": 0.9190198441247419,
    "f1_micro": 0.945273631840796,
    "f1_macro": 0.9309417654470487,
    "per_label_f1": {
      "anger_irritability": 0.9777777777777777,
      "avoidance": 0.8857142857142857,
      "emotional_numbing": 0.925,
      "functional_impairment": 0.8656716417910447,
      "guilt_shame": 0.8641975308641975,
      "hypervigilance": 0.9644670050761421,
      "intrusive_memories": 0.9647058823529412,
      "sleep_disturbance": 1.0
    },
    "per_label_precision": {
      "anger_irritability": 1.0,
      "avoidance": 0.9117647058823529,
      "emotional_numbing": 0.925,
      "functional_impairment": 0.8529411764705882,
      "guilt_shame": 0.9210526315789473,
      "hypervigilance": 0.9895833333333334,
      "intrusive_memories": 0.9534883720930233,
      "sleep_disturbance": 1.0
    },
    "per_label_recall": {
      "anger_irritability": 0.9565217391304348,
      "avoidance": 0.8611111111111112,
      "emotional_numbing": 0.925,
      "functional_impairment": 0.8787878787878788,
      "guilt_shame": 0.813953488372093,
      "hypervigilance": 0.9405940594059405,
      "intrusive_memories": 0.9761904761904762,
      "sleep_disturbance": 1.0
    }
  }
}